City_ID,Cities,Cloudiness,Country,Date,Humidity,Lat,Lng,Max Temp,WindSpeed
0,kapaa,40,US,1584239847,61,22.08,-159.32,78.8,13.87
1,ushuaia,40,AR,1584239637,62,-54.8,-68.3,53.6,8.05
2,waingapu,28,ID,1584239682,72,-9.66,120.26,83.39,6.22
3,thompson,20,CA,1584239734,52,55.74,-97.86,-7.6,4.74
4,nouadhibou,0,MR,1584239608,82,20.93,-17.03,64.4,14.99
5,trebukhiv,20,UA,1584239853,68,50.48,30.9,28.99,13.42
6,coquimbo,0,CL,1584239529,93,-29.95,-71.34,60.8,2.24
7,albany,1,US,1584239855,77,42.6,-73.97,39.99,9.17
8,yellowknife,90,CA,1584239856,66,62.46,-114.35,10.4,8.05
9,klaksvik,100,FO,1584239857,64,62.23,-6.59,35.6,32.21
10,ambilobe,100,MG,1584239858,89,-13.2,49.05,79.29,12.03
11,bluff,100,NZ,1584239980,69,-46.6,168.33,66.0,1.99
12,hermanus,100,ZA,1584239981,80,-34.42,19.23,64.0,8.99
13,ponta do sol,75,PT,1584239982,63,32.67,-17.1,60.8,13.87
14,qui nhon,100,VN,1584239983,57,13.77,109.23,84.74,6.67
15,timbiqui,100,CO,1584240037,92,2.77,-77.67,73.99,1.41
16,bredasdorp,100,ZA,1584240035,88,-34.53,20.04,64.4,4.7
17,punta arenas,99,CL,1584240037,76,-53.15,-70.92,55.4,20.8
18,mataura,100,NZ,1584240031,71,-46.19,168.86,66.0,3.0
19,busselton,28,AU,1584240033,94,-33.65,115.33,80.01,16.26
20,talcahuano,0,CL,1584240042,72,-36.72,-73.12,59.0,11.41
21,katobu,77,ID,1584240044,70,-4.94,122.53,87.62,0.67
22,puerto ayora,4,EC,1584240040,71,-0.74,-90.35,81.0,8.01
23,constitucion,0,CL,1584240047,62,-35.33,-72.42,56.01,5.28
24,kang,0,BW,1584240048,55,-23.68,22.79,69.89,2.53
25,olafsvik,98,IS,1584239765,64,64.89,-23.71,26.78,14.7
26,cairns,40,AU,1584239763,55,-16.92,145.77,90.0,9.17
27,cape town,40,ZA,1584240034,72,-33.93,18.42,66.0,17.22
28,van wert,90,US,1584240052,87,40.87,-84.58,33.01,6.93
29,bethel,90,US,1584240038,48,41.37,-73.41,48.2,5.82
30,castro,0,BR,1584240041,92,-24.79,-50.01,61.39,4.52
31,kaiserslautern,40,DE,1584239798,100,49.45,7.75,43.0,3.6
32,belmonte,40,BR,1584240060,74,-15.86,-38.88,80.6,6.93
33,ribeira grande,26,PT,1584240035,84,38.52,-28.7,55.63,4.79
34,manggar,46,ID,1584239845,69,-2.88,108.27,82.94,3.89
35,hilo,90,US,1584239999,74,19.73,-155.09,78.8,5.82
36,guapiacu,0,BR,1584239899,58,-20.8,-49.22,82.4,8.05
37,jamestown,90,US,1584239967,86,42.1,-79.24,35.6,8.05
38,cherskiy,100,RU,1584240055,93,68.75,161.3,7.27,5.21
39,okha,100,RU,1584240054,81,53.57,142.95,12.81,4.36
40,saint-joseph,33,RE,1584240069,69,-21.37,55.62,73.4,6.93
41,abha,5,SA,1584240070,82,18.22,42.51,59.0,13.87
42,hofn,99,IS,1584240071,65,64.25,-15.21,30.13,15.12
43,volda,100,NO,1584240072,91,62.15,6.07,42.8,14.99
44,kodiak,40,US,1584240052,55,57.79,-152.41,39.2,4.7
45,port alfred,62,ZA,1584239999,86,-33.59,26.89,68.0,5.01
46,carnarvon,75,AU,1584240046,65,-24.87,113.63,82.4,9.17
47,clyde river,1,CA,1584240077,73,70.47,-68.59,-29.2,5.82
48,nadvoitsy,0,RU,1584240078,93,63.87,34.32,5.13,4.34
49,praia da vitoria,20,PT,1584240079,93,38.73,-27.07,55.4,3.85
50,naze,75,JP,1584239847,42,28.37,129.48,62.6,17.22
51,taybad,96,IR,1584240082,21,34.74,60.78,61.07,18.32
52,sitka,1,US,1584240072,60,57.05,-135.33,41.0,3.36
53,chapais,90,CA,1584239789,78,49.78,-74.85,12.2,10.29
54,machico,75,PT,1584240087,63,32.7,-16.77,60.8,13.87
55,port blair,32,IN,1584240056,68,11.67,92.75,83.03,6.24
56,talnakh,100,RU,1584240089,95,69.49,88.4,14.45,10.31
57,nyurba,87,RU,1584240091,94,63.28,118.33,20.41,4.61
58,mahina,40,PF,1584240093,66,-17.51,-149.49,87.8,11.41
59,nantucket,1,US,1584240095,52,41.28,-70.1,46.99,11.41
60,porto novo,40,BJ,1584239811,83,6.5,2.6,82.4,10.29
61,vigrestad,90,NO,1584240097,93,58.57,5.7,44.6,26.4
62,hithadhoo,74,MV,1584240033,63,-0.6,73.08,83.25,5.37
63,victor harbor,1,AU,1584239874,37,-35.57,138.62,70.0,5.82
64,avarua,8,CK,1584239749,70,-21.21,-159.78,84.2,6.93
65,lata,0,PT,1584239526,90,40.16,-8.33,54.0,1.99
66,boende,2,CD,1584240104,78,-0.22,20.87,73.51,2.42
67,nikolskoye,55,RU,1584240067,53,59.7,30.79,23.0,11.18
68,kruisfontein,10,ZA,1584240036,84,-34.0,24.73,62.2,8.63
69,bagotville,90,AU,1584240108,83,-28.98,153.42,71.6,18.34
70,trairi,100,BR,1584240110,96,-3.28,-39.27,73.83,2.89
71,hirara,20,JP,1584239945,45,24.8,125.28,66.2,12.75
72,mazagao,75,BR,1584240113,100,-0.12,-51.29,78.8,8.05
73,lebu,0,CL,1584239741,76,-37.62,-73.65,53.38,8.03
74,saskylakh,100,RU,1584240040,92,71.92,114.08,5.95,12.01
75,tual,50,ID,1584240117,79,-5.67,132.75,81.18,14.16
76,kavieng,99,PG,1584240034,64,-2.57,150.8,85.37,5.23
77,luderitz,0,NA,1584240119,77,-26.65,15.16,64.4,4.7
78,severo-kurilsk,100,RU,1584240062,80,50.68,156.12,21.76,9.4
79,inhambane,3,MZ,1584240041,80,-23.86,35.38,76.75,1.95
80,tamiahua,33,MX,1584240123,91,21.27,-97.45,74.5,9.6
81,beringovskiy,85,RU,1584240124,91,63.05,179.32,22.42,8.55
82,ancud,16,CL,1584240125,93,-41.87,-73.82,46.4,4.7
83,namatanai,100,PG,1584240036,72,-3.67,152.43,84.18,10.42
84,rikitea,3,PF,1584240034,70,-23.12,-134.97,79.07,9.08
85,marsh harbour,60,BS,1584240128,81,26.54,-77.06,73.36,10.25
86,hobart,40,AU,1584239899,59,-42.88,147.33,63.0,14.99
87,bengkulu,100,ID,1584240049,57,-3.8,102.27,88.72,0.67
88,tucumcari,1,US,1584240132,58,35.17,-103.72,53.6,8.05
89,totness,34,SR,1584240133,78,5.88,-56.32,79.7,16.93
90,odweyne,0,SO,1584240134,85,9.41,45.06,63.3,6.13
91,esperance,100,AU,1584240038,57,-33.87,121.9,75.2,20.8
92,kihei,40,US,1584239901,78,20.79,-156.47,78.8,11.41
93,mae chan,20,TH,1584240137,73,20.15,99.85,75.0,0.69
94,strezhevoy,75,RU,1584240138,94,60.73,77.59,35.6,13.42
95,alofi,100,NU,1584240139,74,-19.06,-169.92,86.0,8.05
96,mahebourg,40,MU,1584240142,94,-20.41,57.7,75.2,7.81
97,benguela,100,AO,1584240143,84,-12.58,13.41,78.58,3.62
98,komsomolskiy,0,UZ,1584240034,38,40.43,71.72,46.4,6.93
99,vaini,75,TO,1584240048,83,-21.2,-175.2,84.2,14.99
100,chicama,40,PE,1584240146,83,-7.84,-79.15,73.4,8.05
101,batabano,40,CU,1584240147,78,22.72,-82.29,75.2,9.17
102,zhigansk,100,RU,1584240149,94,66.77,123.37,-3.84,23.09
103,kathu,20,TH,1584240150,62,7.92,98.33,86.0,8.05
104,upernavik,90,GL,1584239754,99,72.79,-56.15,-14.69,2.39
105,shache,0,CN,1584240153,91,38.42,77.24,42.01,0.4
106,meulaboh,50,ID,1584240037,75,4.14,96.13,82.58,4.61
107,bang saphan,40,TH,1584240155,66,11.21,99.51,89.6,8.05
108,nuqui,66,CO,1584240156,86,5.71,-77.27,76.59,3.31
109,kaitangata,100,NZ,1584240139,74,-46.28,169.85,62.01,3.0
110,atuona,28,PF,1584240032,67,-9.8,-139.03,82.47,8.03
111,bambous virieux,40,MU,1584240039,94,-20.34,57.76,75.2,13.02
112,tiksi,54,RU,1584240034,73,71.69,128.87,-10.35,6.08
113,kahului,40,US,1584239980,78,20.89,-156.47,78.8,11.41
114,tasiilaq,2,GL,1584240032,70,65.61,-37.64,1.4,1.12
115,torbay,75,CA,1584240165,85,47.67,-52.73,34.0,24.16
116,manjacaze,0,MZ,1584240104,97,-24.71,33.88,69.55,1.86
117,saint-philippe,48,RE,1584240041,69,-21.36,55.77,73.4,6.93
118,plastun,94,RU,1584240168,72,44.76,136.29,29.16,6.8
119,rawson,0,AR,1584240043,65,-43.3,-65.1,60.96,7.63
120,alekseyevsk,100,RU,1584240171,96,57.84,108.35,30.81,9.82
121,marzuq,0,YE,1584240172,67,14.4,46.47,62.26,4.07
122,sadao,40,TH,1584240173,70,6.64,100.42,87.8,8.05
123,banda aceh,23,ID,1584240174,62,5.56,95.32,85.44,5.73
124,makuyuni,99,TZ,1584240175,92,-4.73,38.1,68.59,3.18
125,luzhou,100,CN,1584240176,55,28.87,105.44,63.36,3.13
126,dudinka,100,RU,1584240177,93,69.41,86.18,4.17,14.83
127,khatanga,100,RU,1584240040,96,71.97,102.5,27.61,13.22
128,arraial do cabo,16,BR,1584240047,88,-22.97,-42.03,78.28,12.3
129,airai,49,TL,1584240037,50,-8.93,125.41,81.63,5.53
130,port elizabeth,79,ZA,1584239999,77,-33.92,25.57,68.0,12.75
131,leningradskiy,95,RU,1584240065,76,69.38,178.42,6.15,13.69
132,kununurra,0,AU,1584240185,30,-15.77,128.73,95.0,14.99
133,batemans bay,33,AU,1584240186,51,-35.72,150.18,66.99,4.0
134,victoria point,40,AU,1584240187,50,-27.58,153.3,82.99,18.34
135,daugai,0,LT,1584240188,73,54.37,24.33,23.0,5.82
136,barrow,20,US,1584240059,70,71.29,-156.79,1.4,23.04
137,povorino,9,RU,1584240192,86,51.19,42.25,34.0,13.44
138,sorland,90,NO,1584240193,68,67.67,12.69,36.54,15.46
139,abalak,63,RU,1584240195,93,58.13,68.59,30.6,6.42
140,asyut,0,EG,1584240177,76,27.18,31.18,58.59,5.28
141,znamenskoye,100,RU,1584240197,91,57.13,73.83,31.26,9.31
142,east london,88,ZA,1584240034,82,-33.02,27.91,70.57,14.9
143,bonavista,46,CA,1584240131,82,48.65,-53.11,33.01,18.99
144,auki,95,SB,1584240203,76,-8.77,160.7,84.34,13.42
145,lavrentiya,100,RU,1584240204,79,65.58,-171.0,21.02,10.56
146,curup,92,ID,1584240205,61,-3.47,102.53,82.13,3.02
147,ojinaga,1,MX,1584240206,34,29.57,-104.42,78.8,9.17
148,dikson,67,RU,1584240037,99,73.51,80.55,-17.95,6.22
149,oksfjord,98,NO,1584240208,92,70.24,22.35,28.4,19.46
150,la ronge,75,CA,1584239965,65,55.1,-105.28,3.2,3.36
151,motala,81,SE,1584240211,64,58.54,15.04,32.0,14.99
152,bayir,100,TR,1584240212,93,37.27,28.22,46.4,1.12
153,mullingar,75,IE,1584240213,81,53.53,-7.35,44.6,20.8
154,flin flon,100,CA,1584240214,94,54.77,-101.86,1.6,3.15
155,saint george,1,US,1584240216,54,37.1,-113.58,59.0,11.41
156,vestmannaeyjar,0,IS,1584240217,66,63.44,-20.27,26.46,17.45
157,lorengau,99,PG,1584240062,74,-2.02,147.27,84.74,11.48
158,fairbanks,90,US,1584240003,62,64.84,-147.72,27.0,5.82
159,kalabo,100,ZM,1584240221,94,-14.97,22.68,68.36,3.74
160,dewsbury,75,GB,1584240222,87,53.69,-1.63,51.8,18.34
161,cateel,90,PH,1584240223,63,7.79,126.45,82.56,9.82
162,mosquera,75,CO,1584240181,87,4.71,-74.23,57.2,6.93
163,butaritari,0,KI,1584240053,74,3.07,172.79,83.88,11.79
164,vila,4,PT,1584240226,93,42.03,-8.16,51.01,2.24
165,curanilahue,0,CL,1584240228,76,-37.47,-73.35,53.38,8.03
166,katsuyama,20,JP,1584240229,34,36.06,136.5,51.8,13.87
167,rio grande,43,BR,1584240163,96,-32.03,-52.1,73.0,5.77
168,victoria,42,HK,1584240058,56,22.29,114.16,73.99,8.05
169,san patricio,75,MX,1584240060,83,19.22,-104.7,80.6,3.89
170,coro,2,VE,1584240233,86,11.4,-69.67,75.06,8.57
171,oranjestad,20,AW,1584240234,74,12.52,-70.03,80.6,12.75
172,clarence town,40,AU,1584240055,60,-32.58,151.78,73.0,19.46
173,arauco,0,CL,1584240236,72,-37.25,-73.32,59.0,11.41
174,hamilton,90,US,1584240050,93,39.18,-84.53,35.6,9.17
175,fastiv,75,UA,1584240239,63,50.08,29.92,28.99,15.66
176,fortuna,40,US,1584240051,86,40.6,-124.16,45.0,11.41
177,panaba,0,MX,1584240241,67,21.28,-88.27,77.52,10.33
178,lompoc,90,US,1584240242,81,34.64,-120.46,55.4,4.7
179,camana,65,PE,1584240243,84,-16.62,-72.71,66.76,2.89
180,whithorn,20,JM,1584240245,74,18.26,-78.04,78.8,2.24
181,pelaya,38,CO,1584240246,77,8.69,-73.66,71.1,5.66
182,richards bay,54,ZA,1584240064,85,-28.78,32.04,77.85,10.98
183,dumai,32,ID,1584240249,83,1.68,101.45,82.36,4.05
184,dekar,32,BW,1584240250,60,-21.53,21.93,71.2,1.95
185,port lincoln,6,AU,1584240065,59,-34.73,135.87,65.3,14.88
186,batagay,28,RU,1584240252,77,67.63,134.63,-11.63,2.51
187,qaanaaq,34,GL,1584239741,58,77.48,-69.36,-20.22,6.4
188,sao joao de pirabas,100,BR,1584240254,96,-0.77,-47.18,74.71,1.1
189,bathsheba,75,BB,1584240255,78,13.22,-59.52,78.8,9.17
190,lagos,20,NG,1584240058,94,6.58,3.75,80.6,2.24
191,bilibino,100,RU,1584240258,85,68.05,166.44,2.97,6.11
192,payson,75,US,1584240259,50,40.04,-111.73,53.6,17.22
193,port hardy,5,CA,1584239976,29,50.7,-127.42,39.2,19.46
194,mount gambier,90,AU,1584240034,48,-37.83,140.77,66.2,12.75
195,roald,100,NO,1584240054,66,62.58,6.13,44.6,14.99
196,hay river,75,CA,1584240264,40,60.82,-115.8,15.8,9.17
197,santiago del estero,100,AR,1584240265,87,-27.8,-64.26,73.67,14.03
198,vila velha,40,BR,1584239972,94,-20.33,-40.29,75.2,2.24
199,dingle,3,PH,1584240050,53,11.0,122.67,85.03,9.04
200,chuguyevka,100,RU,1584240269,76,44.17,133.86,29.23,6.67
201,solnechnyy,13,RU,1584240270,62,50.72,136.63,18.28,4.54
202,thinadhoo,90,MV,1584240109,61,0.53,72.93,83.5,4.65
203,harper,100,LR,1584240040,95,4.38,-7.72,77.49,2.77
204,barstow,90,US,1584240048,66,34.9,-117.02,60.8,13.87
205,acari,89,PE,1584240274,89,-15.43,-74.62,66.67,2.66
206,ixtapa,5,MX,1584240275,83,20.7,-105.2,75.2,5.82
207,mirador,100,BR,1584240276,94,-6.37,-44.36,72.37,2.59
208,erenhot,0,CN,1584240278,42,43.65,111.98,38.44,5.21
209,stabat,20,ID,1584240279,62,3.76,98.45,87.8,12.75
210,adeje,40,ES,1584240280,63,28.12,-16.73,64.99,4.7
211,viedma,0,AR,1584240281,64,-40.81,-63.0,55.98,1.79
212,uyovu,99,TZ,1584240282,96,-3.28,31.53,63.09,0.67
213,gat,40,IL,1584240283,93,31.61,34.76,57.2,4.7
214,longyearbyen,90,SJ,1584240059,77,78.22,15.64,-2.2,5.82
215,new norfolk,40,AU,1584240053,59,-42.78,147.06,63.0,14.99
216,colchester,75,GB,1584240107,87,51.89,0.9,50.0,18.34
217,hasaki,40,JP,1584240288,45,35.73,140.83,52.0,5.82
218,gulabpura,7,IN,1584240018,33,25.9,74.67,64.22,2.37
219,katsuura,75,JP,1584240066,42,35.13,140.3,51.01,6.93
220,chokurdakh,33,RU,1584240043,88,70.63,147.92,-15.93,1.48
221,chuy,100,UY,1584240052,92,-33.7,-53.46,68.94,12.41
222,cabo san lucas,40,MX,1584240043,64,22.89,-109.91,71.01,7.7
223,codrington,66,AU,1584240049,71,-38.27,141.97,59.13,15.48
224,turayf,75,SA,1584240295,100,31.67,38.66,51.8,9.17
225,yulara,0,AU,1584240087,18,-25.24,130.99,89.6,13.87
226,san quintin,69,MX,1584240120,76,30.48,-115.95,59.83,9.78
227,port macquarie,47,AU,1584240299,88,-31.43,152.92,70.0,6.93
228,lasa,5,IT,1584240300,85,46.62,10.7,41.0,3.36
229,turukhansk,100,RU,1584240117,97,65.82,87.98,30.96,10.94
230,san cristobal,40,VE,1584240302,78,7.77,-72.22,78.8,2.24
231,maniitsoq,34,GL,1584240303,77,65.42,-52.9,0.3,9.95
232,half moon bay,90,US,1584240135,81,37.46,-122.43,52.0,6.93
233,okakarara,40,NA,1584240305,40,-20.58,17.43,68.61,4.09
234,brigantine,90,US,1584240307,43,39.41,-74.36,52.0,9.17
235,sholokhove,27,UA,1584240308,59,47.69,34.03,34.66,7.29
236,balkhash,0,KZ,1584240056,86,46.84,74.98,30.2,15.66
237,riyadh,46,SA,1584240186,48,24.69,46.72,64.4,4.7
238,bugaan,40,PH,1584240311,70,14.04,120.94,89.01,6.93
239,muroto,75,JP,1584240312,46,33.28,134.15,53.6,13.87
240,labrea,100,BR,1584240313,91,-7.26,-64.8,76.51,3.51
241,ponta delgada,20,PT,1584240314,82,37.73,-25.67,55.4,8.05
242,nouakchott,40,MR,1584240315,88,18.09,-15.98,68.0,3.36
243,bandarbeyla,98,SO,1584240317,76,9.49,50.81,78.96,8.34
244,voloshka,91,RU,1584240318,94,61.33,40.09,16.09,6.4
245,narsaq,100,GL,1584240056,62,60.92,-46.05,21.2,4.32
246,neuquen,0,AR,1584240090,16,-38.95,-68.06,62.44,6.46
247,vila franca do campo,20,PT,1584240054,82,37.72,-25.43,55.4,8.05
248,saint-pierre,33,RE,1584240323,69,-21.34,55.48,73.4,6.93
249,korla,100,CN,1584240324,29,41.76,86.15,36.01,3.49
250,pasighat,100,IN,1584240326,77,28.07,95.33,69.44,3.31
251,luganville,100,VU,1584240327,73,-15.53,167.17,83.05,9.01
252,taoudenni,0,ML,1584240232,12,22.68,-3.98,69.71,6.4
253,sterling,90,US,1584240160,86,39.01,-77.43,46.0,9.17
254,povolzhskiy,40,RU,1584240331,94,53.59,49.76,32.0,6.71
255,puerto del rosario,0,ES,1584240332,77,28.5,-13.86,60.8,5.82
256,muli,36,MV,1584240333,67,2.92,73.57,84.29,6.06
257,san rafael,0,AR,1584240335,29,-34.62,-68.33,57.61,2.44
258,cidreira,0,BR,1584240045,89,-30.18,-50.21,76.06,23.31
259,tokur,0,RU,1584240337,77,53.13,132.9,13.24,3.18
260,broome,75,US,1584240338,69,42.25,-75.83,37.0,6.93
261,teguise,16,ES,1584240339,82,29.06,-13.56,59.0,4.7
262,dungarpur,84,IN,1584240340,30,23.83,73.72,65.68,10.92
263,jinxiang,0,CN,1584240342,48,22.86,115.7,70.0,1.01
264,necochea,0,AR,1584240054,79,-38.55,-58.74,63.0,5.99
265,tuktoyaktuk,40,CA,1584240053,92,69.45,-133.04,23.0,32.21
266,mangrol,32,IN,1584240347,42,21.12,70.12,76.06,20.62
267,sioux lookout,20,CA,1584239888,36,50.1,-91.92,15.8,3.36
268,coihaique,5,CL,1584240349,71,-45.58,-72.07,53.6,2.24
269,tongliao,0,CN,1584240350,27,43.61,122.27,25.11,20.62
270,boa vista,20,BR,1584240351,52,2.82,-60.67,87.8,8.05
271,osinki,3,RU,1584240353,93,52.84,49.51,31.26,7.65
272,tateyama,75,JP,1584240263,57,34.98,139.87,50.0,6.93
273,saldanha,13,ZA,1584240062,77,-33.01,17.94,62.6,16.11
274,sao filipe,0,CV,1584239792,57,14.9,-24.5,73.15,13.91
275,baleno,33,PH,1584240357,59,12.47,123.5,82.54,5.3
276,iquique,90,CL,1584240136,69,-20.22,-70.14,73.4,8.05
277,gunjur,33,GM,1584240359,60,13.2,-16.73,75.2,6.93
278,santana,75,BR,1584240084,100,-0.06,-51.18,78.8,8.05
279,natal,88,BR,1584240361,88,-5.79,-35.21,78.8,5.82
280,uong bi,90,VN,1584240364,83,21.03,106.78,69.8,5.82
281,grand gaube,40,MU,1584240317,94,-20.01,57.66,75.2,10.65
282,ahipara,0,NZ,1584240366,56,-35.17,173.17,86.0,11.86
283,georgetown,20,MY,1584240032,79,5.41,100.34,87.8,5.82
284,najran,40,SA,1584240368,33,17.49,44.13,77.0,6.93
285,atambua,2,ID,1584240369,67,-9.11,124.89,84.42,5.86
286,marsabit,100,KE,1584240370,54,2.33,37.99,79.88,18.12
287,mar del plata,75,AR,1584240049,82,-38.0,-57.56,64.99,3.36
288,moundou,5,TD,1584240373,15,8.57,16.08,67.87,2.68
289,bouar,19,CF,1584240374,17,5.93,15.6,65.88,5.91
290,ust-kuyga,0,RU,1584240375,86,70.02,135.6,-17.75,8.08
291,chany,100,RU,1584240377,94,55.31,76.76,33.53,14.25
292,steinbach,37,DE,1584240378,93,50.17,8.57,42.01,3.36
293,svetlaya,100,RU,1584240379,76,46.54,138.33,25.12,19.69
294,opochka,0,RU,1584240380,66,56.71,28.66,24.06,8.81
295,ixhuatan,1,MX,1584240382,79,16.36,-94.48,77.02,1.99
296,noyabrsk,71,RU,1584240383,92,63.2,75.45,11.64,15.12
297,rovaniemi,20,FI,1584240384,85,66.5,25.72,19.4,21.92
298,ternate,40,ID,1584240385,61,0.8,127.4,84.9,9.22
299,nagytarcsa,30,HU,1584240386,67,47.53,19.28,37.0,3.36
300,henties bay,0,NA,1584240059,94,-22.12,14.28,62.01,2.98
301,tizapan el alto,40,MX,1584240388,26,20.17,-103.07,81.0,4.7
302,bridlington,100,GB,1584240290,81,54.08,-0.19,51.01,26.4
303,ostersund,91,SE,1584240391,63,63.18,14.64,26.6,12.75
304,santa rita,75,BR,1584240392,88,-7.11,-34.98,78.8,5.12
305,kichera,100,RU,1584240393,87,55.94,110.1,23.22,3.29
306,sur,99,OM,1584240394,34,22.57,59.53,68.09,7.65
307,nome,100,US,1584240061,98,64.5,-165.41,31.26,9.31
308,pisco,75,PE,1584240396,83,-13.7,-76.22,73.99,17.22
309,hidrolandia,100,BR,1584240397,95,-4.41,-40.44,73.2,1.72
310,touros,98,BR,1584240060,94,-5.2,-35.46,77.0,4.7
311,rodez,0,FR,1584240400,95,44.5,2.58,37.0,5.82
312,souillac,40,MU,1584240178,94,-20.52,57.52,75.2,7.81
313,walvis bay,0,NA,1584240402,94,-22.96,14.51,62.01,9.4
314,aklavik,90,CA,1584240049,63,68.22,-135.01,28.4,9.17
315,kasane,99,BW,1584240404,92,-17.82,25.15,66.0,3.13
316,harlingen,75,US,1584240341,88,26.19,-97.7,77.0,11.41
317,kapoeta,100,SS,1584240406,57,4.77,33.59,82.53,2.59
318,khartoum,23,SD,1584240211,25,15.55,32.53,68.0,8.05
319,zyryanka,100,RU,1584240409,88,65.75,150.85,-10.95,6.55
320,stonewall,75,CA,1584240410,72,50.13,-97.33,12.2,9.17
321,padang,49,ID,1584240411,58,-0.95,100.35,83.03,1.83
322,husavik,0,IS,1584240412,77,66.04,-17.34,1.4,10.29
323,myitkyina,8,MM,1584240413,33,25.38,97.4,83.64,3.53
324,karratha,12,AU,1584240051,69,-20.74,116.85,85.66,13.22
325,birao,83,CF,1584240415,19,10.28,22.79,70.86,10.11
326,sao francisco de assis,57,BR,1584240416,51,-29.55,-55.13,79.03,7.96
327,saint-georges,75,GD,1584240046,94,12.06,-61.75,75.2,11.21
328,kifri,43,IQ,1584240420,76,34.7,44.97,57.76,3.85
329,flinders,90,AU,1584240421,63,-34.58,150.86,69.01,11.41
330,comodoro rivadavia,56,AR,1584240332,54,-45.87,-67.5,57.2,3.36
331,faanui,0,PF,1584240423,73,-16.48,-151.75,83.46,11.74
332,bafilo,77,TG,1584240424,74,9.35,1.27,74.57,0.72
333,jumla,100,NP,1584240060,74,29.27,82.18,35.73,1.83
334,luocheng,100,CN,1584240428,45,29.38,104.03,62.35,3.2
335,ucluelet,0,CA,1584240359,45,48.93,-125.55,39.99,6.29
336,farkhor,0,TJ,1584240430,43,37.49,69.4,48.2,13.42
337,yashalta,15,RU,1584240431,81,46.34,42.28,41.99,11.12
338,mount pleasant,75,US,1584240432,82,32.79,-79.86,62.6,3.96
339,belle glade,1,US,1584240433,94,26.68,-80.67,77.0,5.82
340,baijiantan,0,CN,1584240434,31,45.63,85.18,41.38,8.95
341,tambo,100,PE,1584240436,90,-14.8,-73.92,50.13,2.55
342,cururupu,47,BR,1584240060,97,-1.83,-44.87,74.64,1.12
343,nau,0,TJ,1584240440,66,40.15,69.37,48.2,17.9
344,pochutla,75,MX,1584240441,83,15.74,-96.47,82.4,5.82
345,banff,100,CA,1584240304,80,51.18,-115.57,-8.0,1.99
346,anadyr,40,RU,1584240443,92,64.75,177.48,23.0,26.84
347,hambantota,5,LK,1584240044,100,6.12,81.12,73.4,6.93
348,tirumullaivasal,35,IN,1584240445,67,11.23,79.83,81.36,9.69
349,kaihua,97,CN,1584240446,79,23.37,104.28,59.86,8.57
350,sao geraldo do araguaia,100,BR,1584240447,97,-6.4,-48.55,73.54,3.24
351,geraldton,40,AU,1584240053,69,-28.77,114.6,80.6,14.99
352,aykhal,97,RU,1584240450,79,66.0,111.5,21.2,6.71
353,broken hill,8,AU,1584240451,32,-31.95,141.43,68.0,13.87
354,krasnoarmeysk,0,RU,1584240452,93,51.02,45.7,35.01,4.0
355,mongoumba,36,CF,1584240454,43,3.64,18.59,76.32,2.21
356,tome,0,CL,1584240455,72,-36.62,-72.95,59.0,11.41
357,muros,90,ES,1584240457,100,42.78,-9.06,48.0,2.82
358,mae sai,20,TH,1584240459,73,20.43,99.88,73.4,2.53
359,morant bay,20,JM,1584240460,65,17.88,-76.41,80.6,5.82
360,pringsewu,26,ID,1584240461,74,-5.36,104.97,83.21,4.63
361,kalmunai,100,LK,1584240064,69,7.42,81.82,82.58,8.7
362,araouane,68,ML,1584240464,5,18.9,-3.53,80.71,8.99
363,palmas,75,BR,1584240465,94,-10.21,-48.36,77.0,3.36
364,asekeyevo,100,RU,1584240466,97,53.57,52.8,32.16,9.75
365,tindivanam,7,IN,1584240467,66,12.25,79.65,80.13,5.61
366,kongoussi,0,BF,1584240469,10,13.33,-1.53,76.98,9.78
367,tahta,0,EG,1584240470,82,26.77,31.5,57.24,4.63
368,cabedelo,75,BR,1584240471,88,-6.98,-34.83,78.8,5.12
369,bhadrak,33,IN,1584240473,49,21.06,86.51,79.12,5.21
370,ginda,30,IN,1584240474,67,30.69,78.49,48.47,2.48
371,dolinsk,40,RU,1584240475,54,47.35,142.8,30.2,11.18
372,newport,90,GB,1584240476,93,51.59,-3.0,51.01,12.75
373,chumikan,0,RU,1584240478,73,54.72,135.31,14.14,14.07
374,bonthe,36,SL,1584240479,89,7.53,-12.51,79.59,3.27
375,port-gentil,97,GA,1584240480,77,-0.72,8.78,82.94,7.87
376,plettenberg bay,98,ZA,1584240481,83,-34.05,23.37,65.88,6.49
377,san blas,66,MX,1584240307,69,21.52,-105.27,75.63,8.01
378,pevek,100,RU,1584240483,67,69.7,170.31,7.63,8.12
379,genhe,0,CN,1584240484,53,50.78,121.52,12.83,4.54
380,charters towers,0,AU,1584240485,35,-20.1,146.27,85.17,11.83
381,orocue,43,CO,1584240488,53,4.79,-71.34,85.23,1.63
382,provideniya,87,RU,1584240049,86,64.38,-173.3,20.64,10.65
383,mahibadhoo,35,MV,1584240491,74,3.78,72.97,83.43,7.09
384,north platte,90,US,1584240492,92,41.12,-100.77,30.2,14.99
385,nabire,41,ID,1584240050,75,-3.37,135.48,84.65,5.21
386,clarksburg,90,US,1584240494,80,39.28,-80.34,36.0,5.82
387,kortkeros,0,RU,1584240495,72,61.81,51.58,17.6,4.47
388,jacareacanga,97,BR,1584240497,99,-6.22,-57.75,71.76,0.67
389,sain alto,17,MX,1584240364,20,23.58,-103.25,69.48,5.28
390,zeya,10,RU,1584240499,81,53.75,127.27,6.51,6.85
391,bull savanna,1,JM,1584240500,88,17.89,-77.59,67.8,4.9
392,lagoa,22,PT,1584240059,83,39.05,-27.98,58.8,11.34
393,pemba,40,MZ,1584240045,94,-12.97,40.52,75.2,5.82
394,grindavik,0,IS,1584240503,73,63.84,-22.43,21.2,5.82
395,tocopilla,0,CL,1584240334,56,-22.09,-70.2,60.37,2.71
396,itoman,0,JP,1584240505,48,26.12,127.67,62.6,18.34
397,wewak,100,PG,1584240507,96,-3.55,143.63,75.25,6.22
398,ostrovnoy,35,RU,1584240036,91,68.05,39.51,0.46,15.43
399,salacgriva,0,LV,1584240509,86,57.75,24.36,23.0,1.01
400,eregli,50,TR,1584240511,64,37.51,34.05,47.26,1.48
401,kavaratti,54,IN,1584240063,72,10.57,72.64,81.99,8.97
402,talara,10,PE,1584240057,85,-4.58,-81.27,77.05,6.67
403,norman wells,90,CA,1584240048,92,65.28,-126.83,19.4,19.42
404,bahia honda,1,CU,1584240516,86,22.9,-83.16,74.21,12.66
405,sao desiderio,100,BR,1584240517,93,-12.36,-44.97,67.82,3.24
406,caravelas,100,BR,1584240048,79,-17.71,-39.25,80.42,12.39
407,troitsko-pechorsk,17,RU,1584240519,93,62.71,56.2,13.08,6.98
408,bilma,14,NE,1584240520,22,18.69,12.92,58.6,2.53
409,inyonga,100,TZ,1584240521,98,-6.72,32.07,65.5,2.04
410,forli,100,IT,1584240304,81,44.22,12.05,53.01,8.05
411,san juan,4,AR,1584240524,22,-31.54,-68.54,66.25,12.57
412,oussouye,0,SN,1584240525,57,12.48,-16.55,78.8,4.7
413,osorno,0,CL,1584240526,88,-40.57,-73.15,47.21,4.74
414,saint-augustin,1,CA,1584240527,82,51.23,-58.65,16.57,13.87
415,caceres,0,ES,1584240528,78,39.52,-6.37,51.01,0.96
416,islamkot,98,PK,1584240529,25,24.7,70.18,71.98,10.6
417,kindu,100,CD,1584240530,90,-2.95,25.95,69.89,2.21
418,saint augustine,1,US,1584240531,88,29.89,-81.31,71.01,3.36
419,te anau,100,NZ,1584240532,67,-45.42,167.72,61.65,7.18
420,isangel,90,VU,1584240534,83,-19.55,169.27,84.2,13.87
421,ilhabela,0,BR,1584239961,86,-23.78,-45.36,77.52,12.93
422,okhotsk,100,RU,1584240048,87,59.38,143.3,9.05,4.99
423,mlonggo,40,ID,1584240537,70,-6.53,110.7,86.0,2.24
424,bubaque,0,GW,1584240538,46,11.28,-15.83,82.18,17.0
425,alugan,22,PH,1584240539,62,12.22,125.48,81.82,10.51
426,valparaiso,0,CL,1584240540,77,-33.04,-71.63,60.8,4.7
427,navahrudak,0,BY,1584240541,69,53.6,25.83,25.72,12.66
428,mackay,11,AU,1584240543,51,-21.15,149.2,84.2,13.87
429,ilulissat,97,GL,1584240057,70,69.22,-51.1,-0.4,9.17
430,imbituba,75,BR,1584240546,61,-28.24,-48.67,78.8,12.75
431,demirci,100,TR,1584240547,73,39.05,28.66,49.24,2.28
432,raga,100,SS,1584240548,21,8.46,25.68,76.59,4.88
433,tura,85,IN,1584240549,62,25.52,90.22,74.1,9.82
434,arzgir,2,RU,1584240550,79,45.37,44.22,40.64,7.54
435,havre-saint-pierre,90,CA,1584240552,73,50.23,-63.6,23.0,21.92
436,jiuquan,95,CN,1584240553,24,39.74,98.52,34.7,5.97
437,kota belud,20,MY,1584240464,79,6.35,116.43,86.0,5.82
438,yerbogachen,100,RU,1584240555,93,61.28,108.01,28.92,12.06
439,male,40,MV,1584240556,83,4.17,73.51,82.4,4.7
440,sola,27,VU,1584240557,77,-13.88,167.55,85.42,26.37
441,russell,1,US,1584240558,53,32.35,-85.2,71.6,4.7
442,yeniseysk,100,RU,1584240559,94,58.45,92.17,33.89,12.93
443,timmins,20,CA,1584240561,72,48.47,-81.33,10.4,6.93
444,tilichiki,100,RU,1584240562,91,60.47,166.1,26.47,5.35
445,pemangkat,2,ID,1584240563,69,1.17,108.97,85.03,5.91
446,margate,75,GB,1584240564,87,51.38,1.39,48.99,18.34
447,jati,100,PK,1584240565,19,24.35,68.27,72.54,3.89
448,faya,5,SA,1584240566,82,18.39,42.45,59.0,13.87
449,sztum,0,PL,1584240567,67,53.92,19.03,24.01,4.7
450,bama,39,NG,1584240568,27,11.52,13.69,58.26,2.55
451,desnogorsk,38,RU,1584240569,51,54.15,33.28,24.44,15.7
452,palu,100,ID,1584240436,57,-0.89,119.87,82.56,4.29
453,pangai,100,TO,1584240573,83,-19.8,-174.35,82.74,14.03
454,tarko-sale,96,RU,1584240574,92,64.92,77.78,12.38,18.99
455,dakar,27,SN,1584240281,94,14.69,-17.44,71.6,4.7
456,soni,100,TZ,1584240576,87,-4.85,38.37,69.1,1.54
457,bequimao,40,BR,1584240577,94,-2.45,-44.78,77.0,2.24
458,ugoofaaru,0,MV,1584240578,71,5.67,73.0,83.97,11.77
459,churapcha,99,RU,1584240579,84,62.0,132.43,-1.19,5.57
460,amahai,93,ID,1584240581,70,-3.33,128.92,82.9,6.8
461,kasongo-lunda,100,CD,1584240562,95,-6.47,16.82,68.56,0.67
462,mehran,90,IR,1584240583,93,33.12,46.16,44.6,2.24
463,pundaguitan,94,PH,1584240584,68,6.37,126.17,81.59,11.77
464,esil,100,KZ,1584240585,99,51.96,66.4,34.2,15.08
465,morbegno,40,IT,1584240586,87,46.14,9.57,46.4,1.12
466,vestmanna,100,FO,1584240587,64,62.16,-7.17,35.6,32.21
467,makakilo city,75,US,1584240590,88,21.35,-158.09,80.6,9.17
468,belaya gora,0,RU,1584240591,81,68.53,146.42,-14.13,2.64
469,makubetsu,20,JP,1584240592,80,45.37,141.82,32.0,4.7
470,utena,3,LT,1584240593,70,55.5,25.6,26.01,9.62
471,pierre,90,US,1584240594,86,44.37,-100.35,30.99,16.11
472,kirkwall,33,GB,1584240595,86,58.98,-2.96,41.0,11.41
473,nador,90,MA,1584240597,67,35.17,-2.93,62.6,1.12
474,quang ngai,100,VN,1584240598,76,15.12,108.8,79.59,5.1
475,santiago,0,CL,1584240430,37,-33.46,-70.65,71.6,8.05
476,qaqortoq,100,GL,1584240601,62,60.72,-46.03,21.2,8.99
477,nalut,0,LY,1584240602,33,30.33,10.85,57.51,8.88
478,vanimo,100,PG,1584240604,87,-2.67,141.3,79.0,24.96
479,temiscaming,40,CA,1584240605,41,46.72,-79.1,23.0,10.29
480,miles city,90,US,1584240606,86,46.41,-105.84,30.0,14.99
481,capitan miranda,63,PY,1584240607,62,-27.2,-55.8,87.8,3.36
482,soyo,100,AO,1584240602,88,-6.13,12.37,79.27,3.87
483,pitkyaranta,0,RU,1584240610,80,61.57,31.48,18.37,8.68
484,road town,90,VG,1584240504,83,18.42,-64.62,75.2,12.75
485,magdalena,40,PH,1584240612,70,14.2,121.43,90.0,6.93
486,robe,17,AU,1584240614,36,-37.18,139.75,71.44,11.32
487,mayumba,100,GA,1584240615,80,-3.43,10.66,82.92,2.46
488,haicheng,85,CN,1584240616,40,40.85,122.75,30.65,22.82
489,quatre cocos,40,MU,1584240617,94,-20.21,57.76,75.2,13.38
490,kotka,0,FI,1584240618,85,60.47,26.95,12.2,2.24
491,kismayo,82,SO,1584240621,81,-0.36,42.55,82.35,12.8
492,nsanje,63,MW,1584240622,97,-16.92,35.26,69.12,2.28
493,storslett,100,NO,1584240624,64,69.77,21.02,35.29,19.33
494,setermoen,75,NO,1584240625,86,68.86,18.35,33.8,33.33
495,asau,90,RO,1584240626,51,46.43,26.4,37.4,14.99
496,christchurch,100,NZ,1584240596,68,-43.53,172.63,64.99,21.92
497,cedar city,20,US,1584240629,61,37.68,-113.06,46.4,16.11
498,gujar khan,0,PK,1584240630,100,33.26,73.3,55.99,3.29
499,ust-shonosha,6,RU,1584240631,95,61.15,41.34,12.58,6.06
500,port hedland,0,AU,1584240633,37,-20.32,118.57,96.8,6.93
501,farafangana,49,MG,1584240635,79,-22.82,47.83,78.73,14.0
502,koutsouras,99,GR,1584240636,87,35.03,25.95,57.0,1.99
503,pacific grove,90,US,1584240511,93,36.62,-121.92,53.6,16.11
504,olinda,40,BR,1584240640,78,-8.01,-34.86,80.6,4.7
505,crixas,0,BR,1584240641,90,-14.55,-49.97,71.55,3.15
506,gobabis,0,NA,1584240642,72,-22.45,18.97,68.0,3.36
507,camabatela,100,AO,1584240644,97,-8.19,15.38,63.34,2.91
508,ontario,90,US,1584240388,93,34.06,-117.65,62.6,4.7
509,luangwa,100,ZM,1584240646,95,-15.62,30.42,69.53,1.43
510,spassk-dalniy,100,RU,1584240648,72,44.6,132.82,29.48,10.51
511,dire dawa,100,ET,1584240649,86,9.59,41.87,60.98,0.69
512,kamenka,33,RU,1584240650,89,51.32,42.77,34.0,14.0
513,seoul,75,KR,1584240624,22,37.57,126.98,50.0,4.7
514,chissamba,100,AO,1584240652,99,-12.17,17.33,64.4,2.01
515,awbari,0,LY,1584240653,21,26.59,12.78,58.69,6.76
516,ketchikan,1,US,1584240632,47,55.34,-131.65,42.8,13.87
517,gijon,74,ES,1584240655,87,43.54,-5.66,45.0,1.12
518,srednekolymsk,100,RU,1584240656,96,67.45,153.68,-2.67,12.93
519,barguzin,100,RU,1584240658,96,53.62,109.62,23.72,6.55
520,afua,100,BR,1584240659,91,-0.16,-50.39,77.23,7.34
521,santa rosa,40,PH,1584240660,70,14.31,121.11,90.0,6.93
522,teguldet,100,RU,1584240661,96,57.31,88.17,33.28,14.12
523,tarata,75,BO,1584240662,49,-17.62,-66.02,68.0,6.93
524,guerrero negro,60,MX,1584240663,71,27.98,-114.06,61.27,13.15
525,paamiut,100,GL,1584240612,68,61.99,-49.67,4.01,6.6
526,codajas,100,BR,1584240665,99,-3.84,-62.06,73.36,3.0
527,gravdal,49,NO,1584240666,68,68.12,13.5,35.28,17.36
528,abashiri,75,JP,1584240668,74,44.02,144.27,30.2,12.75
529,dovolnoye,100,RU,1584240669,96,54.5,79.67,33.55,13.69
530,melilla,90,ES,1584240670,67,35.29,-2.94,62.6,1.12
531,marawi,97,PH,1584240671,79,8.0,124.29,81.0,7.0
532,miramar,1,US,1584240672,73,25.99,-80.23,77.0,8.05
533,burnie,87,AU,1584240673,45,-41.07,145.92,68.0,5.01
534,kermanshah,90,IR,1584240674,87,34.31,47.06,46.4,6.93
535,sao joao da barra,67,BR,1584240675,85,-21.64,-41.05,78.12,6.11
536,yar-sale,10,RU,1584240677,87,66.83,70.83,-8.54,10.74
537,sharjah,100,AE,1584240452,49,25.36,55.4,75.2,3.36
538,kargopol,97,RU,1584240680,90,61.51,38.95,18.84,7.45
539,pangnirtung,100,CA,1584240681,98,66.15,-65.71,-34.33,0.72
540,cobija,99,BO,1584240682,73,-11.03,-68.77,78.01,1.61
541,nuuk,100,GL,1584240683,60,64.18,-51.72,5.0,14.99
542,poum,100,NC,1584240684,79,-20.23,164.02,84.09,52.48
543,vao,99,NC,1584240685,82,-22.67,167.48,83.75,29.95
544,mossendjo,86,CG,1584240687,98,-2.95,12.73,71.76,0.85
545,moron,91,AR,1584240601,88,-34.65,-58.62,68.0,5.82
546,san angelo,90,US,1584240515,89,31.46,-100.44,57.99,1.99
547,salalah,75,OM,1584240690,57,17.02,54.09,77.0,6.93
548,angoche,97,MZ,1584240693,97,-16.23,39.91,70.21,4.56
549,dalvik,0,IS,1584240694,77,65.97,-18.53,1.4,10.29
550,lyubim,100,RU,1584240695,73,58.36,40.68,21.38,7.54
551,vardo,100,NO,1584240471,92,70.37,31.11,19.04,35.72
